{
  "success": true,
  "data": {
    "totalAllocated": 115382352638.82,
    "totalExpenditure": 36605418701.14,
    "utilizationPercentage": 31.72531835585421,
    "totalMPs": 748,
    "totalWorksCompleted": 30619,
    "totalWorksRecommended": 91252,
    "completionRate": 33.55433305571385,
    "totalTransactions": 99238,
    "avgAllocation": 154254482.1374599,
    "pendingWorks": 60633,
    "paymentGap": 53.73174436747382,
    "completedWorksValue": 16936688700,
    "inProgressPayments": 19668730001.14
  },
  "cached": true,
  "cache_timestamp": "2026-07-22T13:23:36.637Z"
}