{
  "success": true,
  "data": {
    "trends": [
      {
        "year": 2023,
        "expenditure": {
          "total": 322266530.01,
          "transactions": 776,
          "average": 415291.9201159794,
          "activeMPs": 24
        },
        "works": {
          "completed": 650,
          "totalCost": 259810374,
          "avgCost": 399708.2676923077
        }
      },
      {
        "year": 2024,
        "expenditure": {
          "total": 2944317675.49,
          "transactions": 6351,
          "average": 463599.0671532042,
          "activeMPs": 185
        },
        "works": {
          "completed": 1517,
          "totalCost": 1032258285,
          "avgCost": 680460.3065260382
        }
      },
      {
        "year": 2025,
        "expenditure": {
          "total": 18313072410.64,
          "transactions": 49547,
          "average": 369610.11586251436,
          "activeMPs": 641
        },
        "works": {
          "completed": 11579,
          "totalCost": 6565934315,
          "avgCost": 567055.3860436998
        }
      },
      {
        "year": 2026,
        "expenditure": {
          "total": 15025762085,
          "transactions": 42564,
          "average": 353015.7429987783,
          "activeMPs": 687
        },
        "works": {
          "completed": 16872,
          "totalCost": 9077701065,
          "avgCost": 538033.49128734
        }
      }
    ],
    "summary": {
      "totalYears": 4,
      "filters": {
        "house": "all",
        "state": "all"
      }
    }
  }
}